24小时,看24个小时
爱宠大机密,宠物大机密能放吗
爱来的刚好,爱来的刚刚好有么
爱丽丝梦游仙境,爱丽丝漫游仙境能放吗
傲慢与偏见,要看偏见与傲慢
爸爸去哪儿,放爸爸去哪
霸王别姬,现在放霸王别基
白宫风云,想要看白宫的风云
白夜追凶,播放日夜追凶
暴雪将至,放一下大雪将至
北极故事,北极的故事播放给我看
北京遇上西雅图之不二情书,给我播放北京遇见西雅图之不二情书
背水一战,想要看背水一站
被嫌弃的松子的一生,我想看松子被嫌弃的一生
本杰明巴顿奇事,给我播放本杰明巴顿故事
比利林恩的中场战事,播放比利林恩的中场故事
编辑部的故事,想要看编辑部故事
编辑部的故事,编辑们的故事播放下
博物馆奇妙夜,放一下博物馆的晚上那部片子
博物馆奇妙夜,我想让你放博物馆的奇妙夜
不负如来不负卿,给我播不负如来
侧耳倾听,播放侧耳聆听给我
茶啊二中,我想看茶二中
查理和巧克力工厂,查理的巧克力工厂放一下
常在你左右,播放常伴你左右
沉默的羔羊,来一部沉默羔羊这个片子
沉睡魔咒,睡眠魔咒有吗
成名之路,我现在想放成名路
成长的烦恼,我要看成长烦恼
吃吃的爱,痴痴爱能放下吗
丑女也有春天,有没有丑女的春天可以看
丑小鸭历险记,可以放一下丑小鸭冒险记吗
初恋50次,初恋很多次的电影能放一下吗
初恋这件小事,想要看初恋这个小事
楚门的世界,将楚门世界播放给我看
触不到的恋人,想看摸不到的恋人
春风十里不如你,十里春风不如你放一下
春风物语,我想看春天的物语
大捷,放影片大截
大力水手,我要看电影大力的水手
大染坊,给我来一部大染房
大时代,放影片时代给我
大同,放大童这个片子
当幸福来敲门,放一下幸福敲门了
导火线,导火索有吗
地球,播放地求
地心营救,播放地心拯救
第三极,放第三集给我
丁丁历险记,看那个丁丁历险日记
东邪西毒,我想看东毒西邪
动画城,放动画诚
断背山,放一下断臂山
敦刻尔克,有伦敦尔克吗
恶魔少爷别吻我,恶魔少年别吻我有吗
恶童,看恶同
凡人的品格,播放凡人品格
犯罪心理,美剧犯罪的心理放给我看
犯罪心理,将影片犯罪心里
放弃我抓紧我,抓紧我放弃我播一下
飞碟说,飞蝶说播放下
非常嫌疑犯,想要看非常嫌犯
非正式会谈,我要看非正式的会谈
愤怒的小鸟,想要愤怒的鸟儿
疯狂动物城,放一下疯狂动物园
疯狂农庄,请播放疯狂的农庄
复仇者联盟,播放复联
搞笑一家人,现在想看搞笑的一家人
搞笑一家人,看那个搞笑的一家人
工厂怪物,想让你放工厂的怪物给我看
攻壳机动队,果壳机动队可以放下吗
孤独的美食家,播一下孤独美食家
古剑奇谭,古剑奇缘放一下
怪兽大学,播一下怪物大学
怪兽大学,电影我要看怪物大学
怪兽电力公司,我想看怪物电力公司
灌篮高手,放灌蓝高手
光阴的故事,光阴故事放给我看下
鬼玩人,我想看鬼完人
国民大生活,我想看国民生活
还看今朝,我想要看看今朝
海边的曼彻斯特,我想看曼彻斯特的海边
海蒂和爷爷,看爷爷和海蒂
憨豆先生,看翰豆先生
汉娜,想看汗娜
汉武大帝,汗武大帝播放给我
好想告诉你,给我放好想要告诉你吧
何以笙箫默,何以萧生默有么
黑礁,放影片黑焦
狐狸与我,想要看一下狐狸和我
狐狸与我,为我播放我与狐狸
蝴蝶效应,放一下蝴蝶影响
花儿与远方,有花儿和远方吗
花落宫廷错流年,有花落宫廷似流年吗
花落宫廷错流年,想看一下花落宫廷
花谢花飞花满天,花谢花飞香满天放一下
花谢花飞花满天,播放下花谢花飞
花样姐姐,要看影片花样的姐姐
花样爷爷,帮我放花样的爷爷这个节目
化物语,看那个化物雨
欢乐颂,看欢乐送
皇家律师,我要看看黄家律师
极光之恋,播放极光恋人
急诊科医生,播一下急诊室医生
记我的母亲,看记我的妈妈
寂寞空庭春欲晚,播放寂寞春庭空欲晚
加菲猫和他的朋友们,把加菲猫和他的朋友播放下
家门的荣光,将影片家门荣光播放下
家在远方,放映家在远处
监狱风云,为我放电影监狱的风云
将军在上,将军向上放一下
今天不上班,有今天我不想上班这部片子么
精灵旅社,放下精灵旅馆
警察故事,播放影片警察的故事
九州海上牧云记,放映海上牧云记
九州天空城,放一下九州天空之城
就是这样,想看影片就这样
飓风,播那个巨风
绝望主妇,绝望的主妇播给我看吧
绝望主妇,播放绝望的主妇
骏马,看影片俊马
快乐的单身汉,我要看快乐单身汉
琅琊榜,琅玡榜放给我看
浪客剑心,播放一下浪客见心
老公们的私房钱,放老公的私房钱给我看
炼狱,放练狱
恋恋笔记本,想看恋爱笔记本
烈日灼心,灼日烈心有么
林中小屋,播放林中的小屋吧
临时演员,播一下临时的演员
流浪者之歌,我要看影片流浪者的歌
龙门飞甲,播放奇门飞甲
龙在哪里,是否能放龙在哪儿
笼民,看影片龙民
陆垚知马俐,要看路遥知马力的电影
路西法,我想看路法西
猫和老鼠传奇,我想看老鼠和猫传奇
美国队长,美队现在能放了吗
美丽的秘密,放那个美丽秘密
美女与野兽,美女野兽有吗
命运石之门,命运石头门我想看
那年花开月正圆,给我播放那年花开月圆
那年那兔那些事,播放那年那兔那些事儿
那年青春我们正好,那年青春我们正正好放一下
那些年我们一起追的女孩,有那些年，我们一起追过的女孩吗
你是哪里人,你是哪的人这个片能放一下吗
你最想知道的科学,想要看你想知道的科学
纽约纽约,放纽约这个片子
女子监狱,播放影片女子的监狱
陪安东尼度过漫长岁月,要看陪安东尼走过漫长岁月
怦然心动,能看怦然动心吗
平凡岁月,平凡的岁月放一下
破产姐妹,破产女孩能播吗
破产姐妹,破产女孩能播吗
七月与安生,七月和安生放一下
奇幻森林,给我播放梦幻森林
起点,启点这个电影播放
迁徙的鸟,看迁徙鸟
青春集结号,我想看青春集聚号
青丘狐传说,有青丘狐的传说吗
情义无悔,放下情谊不悔行吗
燃情岁月,我想让你放燃情的岁月
热血男儿,快放我想看的热血男人
人民的名义,放人民名义
人生遥控器,想看人生的遥控器
日食记,日食季播放下
瑞克和莫蒂,我要看瑞克跟莫蒂这个影片
三少爷的剑,三少爷和剑有吗
杀死比尔,放一下杀掉比尔
闪点行动,给我放闪典行动
闪光少女,我想看发光少女
上古情歌,播放远古情歌
少年派的奇幻漂流,电影我想看少年派的奇妙漂流
少年特工,看特工少年
神秘博士,放影片神秘的博士
神探夏洛克,播放影片夏洛克神探
神探夏洛克,夏洛克神探帮我播放
生逢灿烂的日子,生在灿烂的日子放一下
声之形,我想去看形之声
声之形,我想看形之声
十二星座离奇事件,给我看十二星座离奇故事
使徒行者,我想看使徒仁者
士兵突击,士兵突机播放给我
世界奇妙物语,我想看这季度的世界奇怪物语
摔跤吧爸爸,我想看摔跤爸爸
摔跤吧爸爸,帮我放爸爸摔跤吧
速度与激情,我需要速度和激情
速度与激情,速度和激情放一下
速度与激情,播放激情与速度
他和她,将她和他播放给我
唐顿庄园,放那个唐顿庄圆
唐人街探案,播放唐人街案探
天才枪手,我想看天生枪手
天道,为我播天到
天使不孤独,放天使不孤单给我看
天使的微笑,你放下天使微笑吧
天使与魔鬼,天使和魔鬼我想看
天使与魔鬼,给我播放天使和魔鬼
天堂回信,我看天堂的回信
铁在烧,好想看铁再烧
推手,我要看推守
伪装者,我要看委装者
未来水世界,未来的水世界播放一下
我爸比我小四岁,电影我想看我爸小我四岁
我的继父是偶像,给我放我继父是偶像
我的老婆是只猫,快给我看我的老婆是只喵
我的老婆未成年,想要看我老婆未成年
我的仨妈俩爸,给我播我的三爸俩妈
我的体育老师,我和体育老师放一下
我的团长我的团,我的团长和我的团放一下
我们俩,为我播放我们两
我们这一天,我们那一天能不能看
我们这一天,我要看我们的一天
无处可逃,没处可逃放一下
无敌浩克,播放无敌的浩克
无证之罪,无罪之证有吗
午夜黑车,把午夜的黑车放给我看
西部世界,西部的世界为我播放
西游伏妖篇,放一下西游伏魔篇
夏洛特烦恼,夏洛特的烦恼有么
夏至未至,夏末未至有吗
夏至未至,夏末未至有吗
消防员,看消防元
小别离,我想看小离别
小屁孩日记,给我放影片小屁孩的日记
小羊肖恩,肖恩小羊播放一下
邪恶力量,我要看邪恶的力量
邪恶力量,为我放邪恶的力量
谢天谢地你来了,播放谢天谢地你来啦
辛普森一家,放一下辛普森的一家
辛普森一家,我想看影片辛普森的一家
刑警兄弟,放映刑警弟兄
凶兆,想看凶照
羞羞的铁拳,给我放羞羞铁拳
秀丽江山之长歌行,我要看锦绣江山之长歌行
血战钢锯岭,放一下血战锯钢岭
寻梦环游记,有寻梦环球记吗
一触即发,一处即发找出来播放
一个人的武林,能给我看一下一人的武林吗
一路向南,我想看一路向难
一条狗的使命,能不能放下一只狗的使命
一席,我想看一习
伊拉克战争,播放伊拉克的战争给我
饮食男女,看饮食的男女
萤火虫,我要看迎火虫
雍正王朝,庸正王朝我想看
永不放弃,看永部放弃
幽灵客栈,我选择幽灵的客栈
有一种爱叫做放手,播放有一种爱叫放手
雨人,影片语人播放给我
玉子爱情故事,我想看有部动画电影叫王子的爱情故事
遇见爱情的利先生,放一下遇见利先生
遇见你之前,将遇到你之前播放给我
越狱兔,我想看越狱兔子
战火中的兄弟,播放战火中的弟兄
贞观之治,针观之治这个影片播放一下
真爱如血,真爱似血能播吗
真实魔鬼游戏,可不可以放真实的魔鬼游戏
正义雇佣兵,正义的雇佣兵播放给我一下
志气,我要看至气
致我们单纯的小美好,播放我们单纯的美好
致我们单纯的小美好,播放下小美好
皱纹,为我播放皱文
罪恶之路,能播放罪恶的路不
